S.No,Full Name,Email,Qualification,Date of Birth,Status,No. of Quizzes Attempted,Total Marks Obtained,Average Score,Remarks
1,Aditya,aditya@gmail.com,BTech 6th sem,06/01/2025,Active,3,211,70.33,Need Improvement
2,Akhil,akhil@gmail.com,BCA,05/12/6453,Blocked,No Quiz Attempted,0,0,No Remarks
3,Paramanand,123@gmail.com,BS Data Science Application,12/03/1235,Active,2,52,26.0,Good
4,Yash,afghdsdfabc@gmail.com,BS Data Science Application,26/10/2100,Blocked,No Quiz Attempted,0,0,No Remarks
5,Satvik,sdajf@gmail.com,BS Data Science Application,20/02/2315,Blocked,2,187,93.5,Excellent
6,Mukesh,dfshhk@gmail.com,BS Data Science Application,21/05/2015,Blocked,No Quiz Attempted,0,0,No Remarks
7,Ritesh,dsjf@gmail.com,Arts,11/12/2024,Blocked,No Quiz Attempted,0,0,No Remarks
8,Parth,dgas@gmail.com,BS Data Science Application,30/10/2024,Blocked,No Quiz Attempted,0,0,No Remarks
9,Prathmesh,dsfj@gmail.com,BS Data Science Application,05/11/2024,Active,No Quiz Attempted,0,0,No Remarks
10,Shivani,sdfgfddfgsd@gmail.com,Agriculture,15/01/2025,Active,No Quiz Attempted,0,0,No Remarks
11,Sita,dfnjn@gmail.com,Nursing,05/02/2025,Active,No Quiz Attempted,0,0,No Remarks
12,Anshul,llllll@gmail.com,Nursing,16/12/2024,Active,2,13,6.5,Need Improvement
13,Raj,ppp@gmail.com,MBBS,25/12/2024,Active,No Quiz Attempted,0,0,No Remarks
14,Kashish,asdfasdf@gmail.com,Arts,18/12/2019,Active,1,0,0.0,Need to work hard
15,Rakesh Kumar,rakesh@gmail.com,Graduated,22/01/2014,Active,1,0,0.0,Need to work hard
16,Nishant Kumar,nishant123@gmail.com,Graduated,16/06/2010,Active,1,8,8.0,Need Improvement
