S.No,Quiz Name,Subject Name,Chapter Name,Attempted On,Total Marks of Quiz,Obtained Marks,Remarks
1,Quiz 1,Physics,Basics,15/05/2024 12:00:00,56,10,Need to work hard
2,Quiz 2,Physics,dsfas,15/05/2024 12:00:00,65,50,Well Done
3,Quiz for time,Physics,dsfas,15/05/2024 12:00:00,62,50,Well Done
4,Quiz 1,Physics,Basics,24/01/2025 00:02:02,23,5,Need to work hard
5,Quiz 1,Physics,Basics,24/01/2025 00:08:25,23,10,Need Improvement
6,Quiz 1,Physics,Basics,24/01/2025 00:11:06,23,5,Need to work hard
7,Quiz 1,Physics,Basics,24/01/2025 00:15:40,23,0,Need to work hard
8,Quiz 1,Physics,Basics,24/01/2025 00:17:37,23,8,Need Improvement
9,Quiz 1,Physics,Basics,24/01/2025 00:26:22,23,5,Need to work hard
10,Quiz 1,Physics,Basics,24/01/2025 00:40:52,23,0,Need to work hard
11,Quiz 1,Physics,Basics,24/01/2025 00:41:20,23,20,Well Done
12,Quiz 1,Physics,Basics,24/01/2025 00:42:18,23,18,Well Done
13,Quiz 1,Physics,Basics,24/01/2025 00:44:20,23,2,Need to work hard
14,Quiz 1,Physics,Basics,24/01/2025 14:28:29,23,8,Need Improvement
15,Quiz 1,Physics,Basics,24/01/2025 14:44:08,23,15,Good
16,Quiz 1,Physics,Basics,24/01/2025 14:44:30,23,5,Need to work hard
17,Quiz 1,Physics,Basics,24/01/2025 14:49:12,23,0,Need to work hard
18,Quiz 1,Physics,Basics,24/01/2025 14:49:24,23,0,Need to work hard
19,Quiz 1,Physics,Basics,24/01/2025 14:50:03,23,0,Need to work hard
